Date,Title,Description,URL,Theme,ExtractedText
2026-06-22,HSBC trader who left for a hedge fund quickly joins his old boss at a US bank - eFinancialCareers,HSBC trader who left for a hedge fund quickly joins his old boss at a US bank  eFinancialCareers,https://www.linkedin.com/posts/sarahbutcherjournalist_hsbc-trader-who-left-for-a-hedge-fund-quickly-activity-7474875321113116673-Lmbc,Hedge Fund Faster & More Accurate Risk Management US,"LinkedIn and 3rd parties use essential and non-essential cookies to provide, secure, analyze and improve our Services, and to show you relevant ads (including professional and job ads) on and off LinkedIn. Learn more in our Cookie Policy. Select Accept to consent or Reject to decline non-essential cookies for this use. You can update your choices at any time in your settings. Better the beast you know https://lnkd.in/eAGFR9vH Create your free account or sign in to continue your search By clicking Continue to join or sign in, you agree to LinkedIn’s User Agreement, Privacy Policy, and Cookie Policy."
2026-06-30,BlackRock Appointed as Fiduciary Manager for British Coal Staff Pension - ai-cio.com,BlackRock Appointed as Fiduciary Manager for British Coal Staff Pension  ai-cio.com,https://www.ai-cio.com/news/blackrock-appointed-as-fiduciary-manager-for-british-coal-staff-pension/,Chief investment officer hedge fund appointed US,
2026-07-15,Waystone supports Pictet’s new UCITS ETF - Asset Servicing Times,Waystone supports Pictet’s new UCITS ETF  Asset Servicing Times,https://www.assetservicingtimes.com/assetservicesnews/industryarticle.php?article_id=18149,AI-driven asset management Europe,
2026-07-08,Formidium Named Best Administrator - Innovation at Hedge Fund Services Awards | APAC 2026 - Yahoo Finance,Formidium Named Best Administrator - Innovation at Hedge Fund Services Awards | APAC 2026  Yahoo Finance,https://finance.yahoo.com/technology/articles/formidium-named-best-administrator-innovation-123000009.html,innovation hedge fund Europe,
2026-06-18,FPE Capital closes Fund IV first round with €46 million cornerstone investment from British Business Bank - EU-Startups,FPE Capital closes Fund IV first round with €46 million cornerstone investment from British Business Bank  EU-Startups,https://www.eu-startups.com/2026/06/fpe-capital-closes-fund-iv-first-round-with-e46-million-cornerstone-investment-from-british-business-bank/,transformation journey hedge fund Europe,"Join 80,000 Founders & Investors who already receive our weekly EU-Startups Newsletter! The British Business Bank (BBB) has announced a cornerstone commitment of €46 million (£40 million) to FPE Capital’s Fund IV, to support high growth smaller businesses across the UK and Ireland. The BBB previously committed €23 million (£20 million) to FPE’s Fund II in 2017 and this latest commitment to Fund IV forms part of a first close which surpasses the total size of the predecessor fund. Adam Kelly, Managing Director and Co-Head of Funds, British Business Bank says: “There is a significant funding gap in the lower-mid-market, particularly for those smaller businesses that have outgrown early-stage funding. FPE is helping to address this by providing a flexible solution for businesses at a critical stage of their growth journey. By backing firms like FPE through our expanded mandate, the Bank is increasing the supply of capital available to UK businesses ready to move into their next phase of growth.” When analysing 2026 capital activity, funds such as DFF Ventures (€70 million Fund III), OSS Ventures (€75 million), and Transition Ventures (€128 million Fund II) illustrate continued momentum in European VC fundraising, particularly across AI-enabled software, industrial tech, and early-stage DeepTech strategies. These managers operate primarily in the early-stage venture segment – Seed through Series A – where capital is being deployed into software-first transformation of traditional industries and emerging AI–physical system convergence. In contrast, the BBB’s €46 million cornerstone commitment to FPE Capital Fund IV sits further along the capital lifecycle, targeting lower-mid-market B2B software and services companies that are already revenue-generating but require growth equity to scale. Blair McDougall, Minister for Small Business and Economic Transformation adds, “Through our Modern Industrial Strategy, we are unlocking the investment high-growth firms need to thrive and compete from the UK. “This support is focused on the most ambitious SMEs in key sectors, enabling them to scale up, create high-quality jobs and power growth, and raise living standards across the UK.” Founded in 2016, FPE is a specialist private equity investor that focuses on scaling B2B software, data and software services businesses. It typically invests in companies across the UK and Ireland with enterprise values of €11 million €11 million (£10 million) – €86 million (£75 million). This fund will continue to target founder-led businesses, often as the first institutional investor. Today’s commitment is made under the BBB’s growth equity strategy. This expanded mandate enables them to invest in lower-mid-market private equity funds backing smaller businesses that are aligned with the Government’s eight growth-driving Industrial Strategy sectors. According to the BBB, their core programmes support €26 billion (£23 billion) of finance to almost 64,000 smaller businesses. Operating on a fully commercial basis, the growth equity strategy aims to crowd in additional private capital to unlock scale-up finance for UK companies and strengthen regional growth across key sectors of the economy. Richard Coldwell, Investment Director, Funds, British Business Bank says, “FPE is a specialist growth investor with a strong track record in scaling UK software, data and software services businesses. The Bank’s commitment will ensure that growth capital is channelled to high potential companies entering the next stage of their growth journey. By focusing on the Digital and Technology, and Professional and Business Services sectors of the Industrial Strategy, FPE will contribute to creating high-value jobs and driving economic growth across UK.” EU-Startups.com is the leading online magazine about startups in Europe. Learn more about us and our advertising options. © Menlo Media S.L. - All rights reserved."
2026-06-01,"Michael Chisholm, CEO of LGT Wealth Management, appointed to Australian Museum Trust - Australian Museum","Michael Chisholm, CEO of LGT Wealth Management, appointed to Australian Museum Trust  Australian Museum",https://australian.museum/about/organisation/media-centre/michael-chisholm-appointed-am-trust/,Chief investment officer asset management appointed London,No URL provided
2026-06-16,"Ex-Goldman Sachs, Nomura quant MD joins hedge fund Verition - eFinancialCareers","Ex-Goldman Sachs, Nomura quant MD joins hedge fund Verition  eFinancialCareers",https://www.linkedin.com/posts/efinancialcareers_ex-goldman-sachs-nomura-quant-md-joins-hedge-activity-7472600276219269120-zKC-,multi-strat hedge funds London,No URL provided
2026-06-03,Hedge fund Qube Research hired an ex-Citadel Securities trader as its US COO - eFinancialCareers,Hedge fund Qube Research hired an ex-Citadel Securities trader as its US COO  eFinancialCareers,https://www.efinancialcareers.com/news/hedge-fund-qube-research-hired-an-ex-citadel-securities-trader-as-its-us-coo,digital technologies hedge fund US,"eFinancialCareers have decided that, while we assess the implications of this new law on our business, we will be [temporarily] blocking traffic from mainland China from all of our services. This decision reflects our determination to comply with the privacy laws that exist in the territories we operate in. If you have any questions, then please do contact eFinancialCareers Support eFinancialCareers 决定在评估这项新法律对我们业务的影响期间，我们将[暂时]阻止从中国大陆访问我们所有服务的流量。这一决定体现了我们承诺遵守经营所在地区隐私保护法律的决心。"
2026-06-17,Hedge fund Citadel hired one of Morgan Stanley's top 0.3% engineers - eFinancialCareers,Hedge fund Citadel hired one of Morgan Stanley's top 0.3% engineers  eFinancialCareers,https://www.efinancialcareers.com/news/hedge-fund-citadel-hired-one-of-morgan-stanley-s-top-0-3-engineers,digital technology hedge fund London,"eFinancialCareers have decided that, while we assess the implications of this new law on our business, we will be [temporarily] blocking traffic from mainland China from all of our services. This decision reflects our determination to comply with the privacy laws that exist in the territories we operate in. If you have any questions, then please do contact eFinancialCareers Support eFinancialCareers 决定在评估这项新法律对我们业务的影响期间，我们将[暂时]阻止从中国大陆访问我们所有服务的流量。这一决定体现了我们承诺遵守经营所在地区隐私保护法律的决心。"
2026-06-09,Hedge fund Capula Investment Management hired Man Group's ex-head of portfolio management - eFinancialCareers,Hedge fund Capula Investment Management hired Man Group's ex-head of portfolio management  eFinancialCareers,https://www.linkedin.com/posts/sarahbutcherjournalist_hedge-fund-capula-investment-management-hired-activity-7470095499102978049-Hovt,Hedge Fund Compliance London,"eFinancialCareers have decided that, while we assess the implications of this new law on our business, we will be [temporarily] blocking traffic from mainland China from all of our services. This decision reflects our determination to comply with the privacy laws that exist in the territories we operate in. If you have any questions, then please do contact eFinancialCareers Support eFinancialCareers 决定在评估这项新法律对我们业务的影响期间，我们将[暂时]阻止从中国大陆访问我们所有服务的流量。这一决定体现了我们承诺遵守经营所在地区隐私保护法律的决心。"
2026-05-28,Jay Moore appointed Chief Investment Officer at Too Lost - Music Business Worldwide,Jay Moore appointed Chief Investment Officer at Too Lost  Music Business Worldwide,https://www.musicbusinessworldwide.com/jay-moore-appointed-chief-investment-officer-at-too-lost/,Chief Technology Officer hedge fund appointed London,"Some of the data collected by this provider is for the purposes of personalization and measuring advertising effectiveness. Some of the data collected by this provider is for the purposes of personalization and measuring advertising effectiveness. Some of the data collected by this provider is for the purposes of personalization and measuring advertising effectiveness. Some of the data collected by this provider is for the purposes of personalization and measuring advertising effectiveness. Some of the data collected by this provider is for the purposes of personalization and measuring advertising effectiveness. Too Lost has appointed Jay Moore as Chief Investment Officer. Moore will lead the indie distribution and services platform’s investment strategy, the company said in a press release. He joins Too Lost from Position Music, where he served as Vice President, Head of Investments. Moore has built his career across music investments, catalog strategy, and artist financing. According to a press release announcing his appointment, at Position Music, the independent publisher, record label, and management firm distributed by Virgin Music Group, Moore helped lead deal structuring, financial modeling, and catalog acquisition efforts – including Position’s acquisition of Gesaffelstein’s publishing and masters catalog. Before Position Music, Moore served as Chief Investment Officer of Ditto Music, where he oversaw investment strategy and the company’s approach to music rights, catalog opportunities, and artist financing. Earlier in his career, he spent several years at Kobalt Music Group, where he worked across the company’s investment platform – including its managed Funds 1 and 2 – as well as its previously owned recorded music and services division, AWAL. Moore‘s appointment comes as Too Lost continues to expand its footprint in the independent music market. The New York-headquartered company, founded in 2020, struck a nine-figure investment round in March, led by Charles Goldstuck‘s GoldState Music and private equity firm TA Associates. “Jay brings a rare combination of investment discipline, catalog expertise, and real operating experience inside the modern music business,” said Gregory Hirschhorn, CEO and Co-Founder of Too Lost. “As Too Lost continues to expand our role as both a technology platform and a capital partner for independent artists and labels, Jay’s leadership will be instrumental in helping us identify high-quality opportunities, structure thoughtful deals, and build a long-term investment strategy that supports the next generation of music rights owners.” “Jay brings a rare combination of investment discipline, catalog expertise, and real operating experience inside the modern music business.” Too Lost confirmed to MBW earlier this year that it surpassed $100 million in annual revenue for 2025, and projected a nine-figure annual revenue haul for the second consecutive year in 2026. The company says it serves more than 400,000 artists and labels, distributing over 7 million songs to some 450 digital service providers including Spotify, Apple Music, and TikTok. In recent months, Too Lost has also made a series of investments in catalog acquisition and label infrastructure, including a partnership with Xposure Music to co-fund catalog acquisitions. Too Lost describes itself as “a global music technology and distribution company providing independent artists and labels with music distribution, rights management, monetization, publishing administration, analytics, and creator-focused tools across streaming and digital platforms worldwide”.Music Business Worldwide"
2026-07-06,Evan Kotsovinos Joins Goldman Sachs as Head of Asset & Wealth Management Engineering - citybiz,Evan Kotsovinos Joins Goldman Sachs as Head of Asset & Wealth Management Engineering  citybiz,https://www.citybiz.co/article/869848/evan-kotsovinos-joins-goldman-sachs-as-head-of-asset-wealth-management-engineering/,digital innovation asset management London,No URL provided
2026-08-17,Hedge fund Balyasny hired the co-head of BlackRock's US investment grade platform - eFinancialCareers,Hedge fund Balyasny hired the co-head of BlackRock's US investment grade platform  eFinancialCareers,https://www.efinancialcareers.com/news/hedge-fund-balyasny-hired-the-co-head-of-black-rock-s-investment-grade-platform,Hedge Fund Chief Risk Officer US,"eFinancialCareers have decided that, while we assess the implications of this new law on our business, we will be [temporarily] blocking traffic from mainland China from all of our services. This decision reflects our determination to comply with the privacy laws that exist in the territories we operate in. If you have any questions, then please do contact eFinancialCareers Support eFinancialCareers 决定在评估这项新法律对我们业务的影响期间，我们将[暂时]阻止从中国大陆访问我们所有服务的流量。这一决定体现了我们承诺遵守经营所在地区隐私保护法律的决心。"
2026-08-10,Jump Trading's ex-head of crypto trading in London joins forces with a young hedge fund manager - eFinancialCareers,Jump Trading's ex-head of crypto trading in London joins forces with a young hedge fund manager  eFinancialCareers,https://www.efinancialcareers.com/news/jump-trading-s-ex-head-of-crypto-trading-in-london-joins-forces-with-a-young-hedge-fund-manager,Chief Risk Officer hedge fund appointed US,"eFinancialCareers have decided that, while we assess the implications of this new law on our business, we will be [temporarily] blocking traffic from mainland China from all of our services. This decision reflects our determination to comply with the privacy laws that exist in the territories we operate in. If you have any questions, then please do contact eFinancialCareers Support eFinancialCareers 决定在评估这项新法律对我们业务的影响期间，我们将[暂时]阻止从中国大陆访问我们所有服务的流量。这一决定体现了我们承诺遵守经营所在地区隐私保护法律的决心。"
2026-07-09,Hedge fund Balyasny hired a new head of Asia ECM from BNP to replace Credit Suisse hire - eFinancialCareers,Hedge fund Balyasny hired a new head of Asia ECM from BNP to replace Credit Suisse hire  eFinancialCareers,https://www.efinancialcareers.com/news/hedge-fund-balyasny-hired-a-new-head-of-asia-ecm-from-bnp-to-replace-credit-suisse-hire,Hedge Fund Compliance US,"eFinancialCareers have decided that, while we assess the implications of this new law on our business, we will be [temporarily] blocking traffic from mainland China from all of our services. This decision reflects our determination to comply with the privacy laws that exist in the territories we operate in. If you have any questions, then please do contact eFinancialCareers Support eFinancialCareers 决定在评估这项新法律对我们业务的影响期间，我们将[暂时]阻止从中国大陆访问我们所有服务的流量。这一决定体现了我们承诺遵守经营所在地区隐私保护法律的决心。"
2026-07-22,Deborah Wardle Named International CIO at Mercer - ai-cio.com,Deborah Wardle Named International CIO at Mercer  ai-cio.com,https://www.ai-cio.com/news/deborah-wardle-named-international-cio-at-mercer/,Chief Risk Officer asset management appointed US,
2026-08-20,The buzziest hedge fund launch this year is ex-Sequoia investor Jeff Wang's. Here's who it's hired and how much it's raised. - Business Insider,The buzziest hedge fund launch this year is ex-Sequoia investor Jeff Wang's. Here's who it's hired and how much it's raised.  Business Insider,https://www.businessinsider.com/former-sequoia-investor-jeff-wang-new-fund-augnition-global-2026-8,fund launch asset management London,"Former Sequoia investor Jeff Wang is close to launching one of the biggest hedge funds this year. Wang's Augnition Global Investors is set to start trading in October with more than $2 billion in assets, two people close to the manager told Business Insider. The launch was the talk of Morgan Stanley's popular Breakers conference at the start of the year; two attendees told Business Insider at the time that they expected Augnition to raise at least $1 billion. A person close to the manager said that Wang and his number two Alan Lo were planning to invest a significant amount of their personal wealth in the new firm. A representative for the fund declined to comment. The manager, which will be based out of Silicon Valley's Menlo Park, will invest in public and private companies, Business Insider previously reported. It's launching with a team of at least 5, including investors from Ziff Brothers' spin-off Crescent Park Management and Kodai Capital. The serious interest from the allocator community is not surprising: Wang ran Sequoia's global equities business, writing on LinkedIn that assets grew from $600 million to more than $9 billion under his decade-plus tenure atop the unit. His post said the fund returned roughly 17% annually under his management. Wang and Lo, a former SRS Investment Management executive, have built out their team with hires on the investing team and the business side. Take a smarter break in your day - and see how far you get. Add BI in Google so our reporting is easier to find when you’re searching for what matters. Fundamental stockpickers have been in high demand. A recent Goldman Sachs survey of hedge-fund backers found that 30% of respondents were planning to increase their exposure to long-short equity funds in the second half of the year, the most of any hedge fund subsector. Launching a new manager has become easier thanks to multistrategy firms like Izzy Englander's Millennium increasingly putting money to work outside their four walls. In the first quarter, there were more than 160 launches, according to Hedge Fund Research, the most in a single three-month stretch since 2022."
2026-08-06,Hedge fund Jain Global hired Morgan Stanley's head of high yield trading in London - eFinancialCareers,Hedge fund Jain Global hired Morgan Stanley's head of high yield trading in London  eFinancialCareers,https://www.hedgeweek.com/jain-global-hires-morgan-stanley-high-yield-trading-chief-for-european-credit-push/,Asset Management Chief Investment Officer London,"We use cookies to enhance your browsing experience, serve personalized ads or content, and analyze our traffic. By clicking ""Accept All"", you consent to our use of cookies. We use cookies to help you navigate efficiently and perform certain functions. You will find detailed information about all cookies under each consent category below. The cookies that are categorized as ""Necessary"" are stored on your browser as they are essential for enabling the basic functionalities of the site. ... Show more Necessary cookies are required to enable the basic features of this site, such as providing secure log-in or adjusting your consent preferences. These cookies do not store any personally identifiable data. Functional cookies help perform certain functionalities like sharing the content of the website on social media platforms, collecting feedback, and other third-party features. Analytical cookies are used to understand how visitors interact with the website. These cookies help provide information on metrics such as the number of visitors, bounce rate, traffic source, etc. Performance cookies are used to understand and analyze the key performance indexes of the website which helps in delivering a better user experience for the visitors. Advertisement cookies are used to provide visitors with customized advertisements based on the pages you visited previously and to analyze the effectiveness of the ad campaigns. Jain Global has hired Jon Stead, Morgan Stanley’s head of high-yield trading in London, in a move that could see the multi-strategy hedge fund expand its European credit trading operation, according to a report by eFinancial Careers. Stead recently resigned from Morgan Stanley after leading its London high-yield trading business. Multiple sources have confirmed that he is joining Jain Global, although the hedge fund and Stead have not publicly commented on the move. Stead is expected to help develop a European high-yield trading business at Jain, potentially opening the door to further recruitment from the banking sector as the hedge fund builds out its credit capabilities. The appointment comes as Jain continues to strengthen a platform that was deliberately designed around multiple independent investment strategies. Founded by Bobby Jain, the former co-chief investment officer at Millennium Management, the firm launched in July 2024 with $5.3bn of capital. Jain Global began with seven core investment areas spanning fundamental, quantitative and arbitrage equity strategies, alongside rates, macro and credit within fixed income, as well as an Asia-focused business. Jain has described the structure as a “seven-legged stool”, reflecting the firm’s aim of generating returns from a diversified collection of trading businesses. The latest hiring points to further development of the credit leg of that platform. Jain Global generated a 0.5% return during the second half of 2024 and gained 3.7% in 2025 as it continued deploying capital. The firm is reported to be up 3.9% so far in 2026. Like this article? Sign up to our free newsletter"
2026-08-20,People moves: Finland’s State Pension Fund former CEO joins Harvard Kennedy School - Investment & Pensions Europe,People moves: Finland’s State Pension Fund former CEO joins Harvard Kennedy School  Investment & Pensions Europe,https://www.ipe.com/news/people-moves-finlands-state-pension-fund-former-ceo-joins-harvard-kennedy-school/10138152.article,Chief investment officer pension funds appointed US,"Before proceeding to your request, you need to solve a puzzle, and the puzzle requires Google Translate to be disabled. Please disable Google Translate and retry. Complete the security check before continuing. This step verifies that you are not a bot, which helps to protect your account and prevent spam."
2026-08-05,Point72 hired a discretionary macro trading head from a quant hedge fund - eFinancialCareers,Point72 hired a discretionary macro trading head from a quant hedge fund  eFinancialCareers,https://news.google.com/rss/articles/CBMisAFBVV95cUxNXzVZRDBfQi0tMkZ4VXRnSkVwWVJ0b2JlX1djTUMwQi1FLXFlbzFvTkY5a0VmVWlOMUNvdmQ5eTAyQnA5cFBUbWkzNktfOXktLWlSTkRmT0UycUYzME4tdVNKMDBORnUtcDlUU3JJRzBETkFpYV94RXRjWFQxMkc4dk85Sk13aGtJWlhQdlRXbk1wVE85WEJpcWIxOG1jcTJOb3l2VnFKR1V6enpfd0twOA?oc=5,multi-strategy asset management London,No URL provided
2026-08-25,Optiver hired the ex-trader that led hedge fund Eisler Capital's international expansion - eFinancialCareers,Optiver hired the ex-trader that led hedge fund Eisler Capital's international expansion  eFinancialCareers,https://news.google.com/rss/articles/CBMixgFBVV95cUxNMWVQY3VfcWNDQzlrZmZTU1BvSkNoZlZlUVFDZzN2dFJKRzV5UTRCNTBwV2w5bVRrM2Vsc0RBOWRSaFBydzB0RGNUaGwwaXZPNzFyU3FDX3haV25ZWHp5Y3JGdVY5RnZYVWFlN19ELVJjSTdxVFY1YlZLVU1mV3RUN1RTc1lNS05vRTQ3aDJhX25WUXdoUDZzR04tLU43cGZ3RnFGLVc1bVluZUlzaHhERS1weWdZLUxVUTYwY2hkcGtQY29ja3c?oc=5,digital transformation hedge fund US,No URL provided
2026-08-26,Hedge fund Balyasny hired a coach and fertility expert to integrate its London portfolio managers - eFinancialCareers,Hedge fund Balyasny hired a coach and fertility expert to integrate its London portfolio managers  eFinancialCareers,https://news.google.com/rss/articles/CBMigwFBVV95cUxQZ2wycWNrN193aUF5RlBULS1QRDBpUUFFZW9MMXE4NElRZlR3bFdUcUlGMEQ5aFN3MnZFaWRmMVl5dC1FeFh5NElXeWtNd1FfdTUzRVE3cGEwV1VZNVpqZ1lCMzlDQmhxc01XV2NMeTB1TkdWV0RzNHBEdTRWOHNsc043Zw?oc=5,business transformation hedge fund US,No URL provided
2026-06-17,Logan Webb appointed chief investment officer at Florida Trust Wealth Management - Priority Marketing,Logan Webb appointed chief investment officer at Florida Trust Wealth Management  Priority Marketing,https://prioritymarketing.com/logan-webb-appointed-chief-investment-officer-at-florida-trust-wealth-management/,Chief investment officer asset management appointed US,No URL provided
2026-07-01,"Lauren Cassidy, CFA, Named Chief Investment Officer of the Founders 100 ETF (FFF) - Business Wire","Lauren Cassidy, CFA, Named Chief Investment Officer of the Founders 100 ETF (FFF)  Business Wire",https://evpforfa.unm.edu/ff-meetings/e-book-february.pdf,Chief investment officer asset management appointed US,
2026-06-24,Hedge Fund With $1.5 Billion to Shut as Team Joins ExodusPoint - Bloomberg.com,Hedge Fund With $1.5 Billion to Shut as Team Joins ExodusPoint  Bloomberg.com,https://www.bloomberg.com/news/articles/2026-06-23/hedge-fund-with-1-5-billion-to-shut-as-team-joins-exoduspoint,manager multistrategy hedge funds US,"To continue, please click the box below to let us know you're not a robot. Please make sure your browser supports JavaScript and cookies and that you are not
                    blocking them from loading.
                    For more information you can review our Terms of Service 
                    and Cookie Policy. For inquiries related to this message please contact
                        our support team and provide the reference ID below. Get the most important global markets news at your fingertips with a Bloomberg.com subscription."
2026-06-15,Ex-New York Life Director Named CIO of Multifamily Real Estate Manager - ai-cio.com,Ex-New York Life Director Named CIO of Multifamily Real Estate Manager  ai-cio.com,https://www.ai-cio.com/news/ex-new-york-life-director-named-cio-of-multifamily-real-estate-manager/,Chief investment officer asset management appointed US,
2026-07-01,Silvercrest Asset Management Group Named to Inaugural CNBC Elite Advisors List of Top Ultra-High-Net-Worth Wealth Management Firms for 2026 - The Globe and Mail,Silvercrest Asset Management Group Named to Inaugural CNBC Elite Advisors List of Top Ultra-High-Net-Worth Wealth Management Firms for 2026  The Globe and Mail,https://www.theglobeandmail.com/investing/markets/stocks/SAMG-Q/pressreleases/3075990/silvercrest-asset-management-group-named-to-inaugural-cnbc-elite-advisors-list-of-top-ultra-high-net-worth-wealth-management-firms-for-2026/,Head of Quantitative Investment asset management appointed US,"NEW YORK, July 01, 2026 (GLOBE NEWSWIRE) -- Silvercrest Asset Management Group LLC (NASDAQ: SAMG) is pleased to announce that the firm has been named to the inaugural CNBC Elite Advisors list for 2026. CNBC's inaugural Elite Advisors list recognizes 25 of the nation's leading investment advisors serving ultra-high-net-worth individuals and family offices, distinguished by their ability to manage significant wealth while partnering with clients to make increasingly complex financial, business, and personal decisions. The firms recognized specialize in serving clients with investable assets of $25 million or more. To compile the list, CNBC solicited information from more than 100 firms, which served as the basis for a detailed quantitative analysis that determined the final unranked list of 25. Metrics assessed included organizational scalability; assets under management attributable to ultra-high-net-worth clients; breadth and sophistication of client services and investment strategies; firm credibility through professional certifications and industry recognition; and overall reputation, including client retention and advisor tenure. To develop the methodology, CNBC surveyed qualifying firms and consulted with AccuPoint Solutions, a wealth management data and research firm, as well as Cerulli Associates, a research and consulting organization focused on the asset and wealth management industries. CNBC accepts no payment for placement on the list. Richard R. Hough III, Silvercrest’s Chairman & Chief Executive Officer, remarked, “We are honored to be recognized among the nation's leading advisors to ultra-high-net-worth families. Since our founding, Silvercrest has been built around delivering sophisticated investment management alongside comprehensive family office services with the highest standards of client care. This recognition reflects the dedication of our professionals and the trust our clients place in us across generations.” Silvercrest Asset Management Group LLC (the “firm”) is the principal operating subsidiary of Silvercrest Asset Management Group Inc. Silvercrest was founded in April 2002 as an independent, employee-owned registered investment adviser, headquartered in New York. The firm has seven additional offices in the United States, an office in Singapore, and team members based in Europe and Australia. As of March 31, 2026, the firm reported assets under management of $35.7 billion. Contact: Richard Hough212-649-0601rhough@silvercrestgroup.com All market data (will open in new tab) is provided by Barchart Solutions. Copyright © 2026. Information is provided 'as is' and solely for informational purposes, not for trading purposes or advice. For exchange delays and terms of use, please read disclaimer (will open in new tab)."
2026-06-23,Boris Raykin Appointed Senior Vice President and Chief Investment Officer - Bowdoin College,Boris Raykin Appointed Senior Vice President and Chief Investment Officer  Bowdoin College,https://www.bowdoin.edu/news/2026/06/boris-raykin.html,Chief investment officer robo advisor appointed US,"Raykin will oversee Bowdoin's endowment and lead the College's investment office. Boris Raykin has been named Bowdoin College's senior vice president and chief investment officer, effective immediately, following a nationwide search to fill the role. As chief investment officer, Raykin will oversee Bowdoin's endowment and investment office staff, while also working closely with the Investment Committee. ""The endowment plays an essential role in sustaining Bowdoin's mission,"" said President Safa Zaki. ""Boris's investment expertise, institutional knowledge, and commitment to advancing the College's priorities make him an excellent choice for this role."" Raykin came to Bowdoin in 2021 as a director in the College's investment office in New York City, bringing expertise in marketable securities, including absolute return and public equities strategies. He previously led the public markets program at Willett Advisors, investing on behalf of Bloomberg Philanthropies. Before Willett, he held investment leadership roles at Granite Associates and Citi Private Bank. ""Over the past five years, I've come to truly appreciate Bowdoin and its uniquely dedicated community,"" said Raykin. ""I am deeply honored by the opportunity to serve the College in this new role and to help steward the endowment in support of Bowdoin's long-term mission. I look forward to working closely with our investment and operations teams, the Investment Committee, and College leadership to build on the endowment's strong foundation and create lasting value for future generations of students."" In addition to his work in the investment office, Raykin has been a generous mentor to Bowdoin students, teaching financial literacy sessions at CXD's Sophomore Bootcamp, advising students interested in finance careers, and helping organize several InvesTrek career trips to New York. Raykin earned his undergraduate and master's degrees in electrical engineering and computer science at the Massachusetts Institute of Technology. He holds the chartered financial analyst designation and serves on the Investment Committee of The Pingry School in Basking Ridge, New Jersey."
2026-06-24,Jun Yang Named Vice President and Chief Investment Officer of The Rockefeller University as Paula Volent Transitions to Senior Advisor Role - Yahoo Finance,Jun Yang Named Vice President and Chief Investment Officer of The Rockefeller University as Paula Volent Transitions to Senior Advisor Role  Yahoo Finance,https://finance.yahoo.com/markets/stocks/articles/jun-yang-named-vice-president-170000222.html,Chief investment officer robo advisor appointed US,
2026-06-15,RBC Capital Markets named Precious Metals House of the Year at Energy Risk Awards 2026 - PR Newswire UK,RBC Capital Markets named Precious Metals House of the Year at Energy Risk Awards 2026  PR Newswire UK,https://finance.yahoo.com/markets/commodities/articles/rbc-capital-markets-named-precious-090000412.html,banks Global Head of Risk appointment London,"LONDON, June 15, 2026 /PRNewswire/ -- RBC Capital Markets today announced it has been named Precious Metals House of the Year at the Energy Risk Awards 2026. The bank is recognised for its performance, strategic investment and client-led solutions across global metals markets throughout 2025. ""Winning this award reflects the deliberate choices we made to build a world-class metals franchise – investing in people, technology and infrastructure to serve our clients at the highest level,"" said Brandon Everhardt, global head of commodities, RBC Capital Markets. Gold prices reached more than 50 record highs in 2025, and exchange-for-physical spreads soared on tariff-related concerns. The bank's metals team served as a liquidity provider and a solutions partner for its growing commodities client base, which expanded by 17% during the year. The bank made a series of high-profile appointments to build expertise across its global metals platform: Ian Penney was appointed global head of metals Keval Sangani joined as head of metals origination, North America Ron Ruffini joined as head of commodities risk solutions, EMEA & APAC Arnaud Jolly took on leadership of the options business Alongside these hires, the bank developed a spot metals e-trading platform and enhanced its pricing, credit and scenario analysis tools. As the threat of tariffs loomed, the bank's strong relationship with precious metals refiners globally meant it was able to work with clients to prepare ahead of the Liberation Day deadline. ""At peak volatility, being there matters,"" said Ian Penney, global head of metals, RBC Capital Markets. ""Our physical presence across North America and Europe meant clients could move quickly. That's what sets us apart."" The bank also supported asset managers offering physically backed exchange-traded funds (ETFs), meeting strong investor demand in a rising gold and silver price environment. ""Our ability to provide consistent liquidity and support for physically backed ETFs in one of the most turbulent markets in recent memory is something we're proud of,"" said Everhardt. Following strong revenue and P&L growth, the bank plans to continue to invest in its metals offerings across Europe and North America. ""This award is a real statement of where we are as a franchise, but it's also a reflection of where we're headed,"" said Penney. Ron Ruffini, head of commodities risk solutions, EMEA & APAC, RBC Capital Markets, added: ""We've built real momentum, and we're focused on building on that for our clients and across the market."" About RBCRoyal Bank of Canada is a global financial institution with a purpose-driven, principles-led approach to delivering leading performance. Our success comes from the 101,000+ employees who leverage their imaginations and insights to bring our vision, values and strategy to life so we can help our clients thrive and communities prosper. As Canada's biggest bank and one of the largest in the world, based on market capitalization, we have a diversified business model with a focus on innovation and providing exceptional experiences to our more than 19 million clients in Canada, the U.S. and 27 other countries. Learn more at rbc.com.‎ We are proud to support a broad range of community initiatives through donations, community investments and employee volunteer activities. See how at rbc.com/peopleandplanet. About RBC Capital MarketsThe most significant corporations, institutional investors, asset managers, private equity firms and governments around the globe recognize RBC Capital Markets as an innovative, trusted partner with an in-depth expertise in capital markets, banking and finance. We are well-established in the largest, most mature capital markets across North America, Europe and the Asia Pacific region, which collectively encompasses 80% of the global investment banking fee pool. RBC Capital Markets is part of a leading provider of financial services, Royal Bank of Canada (RBC). Founded in 1864, RBC is Canada's biggest bank and one of the largest in the world based on market capitalization. With a strong capital base and consistent financial performance, RBC is among a small group of highly rated global banks. Learn more at rbccm.com. Media Contact:Rebecca Smallridge, Senior Manager, Corporate CommunicationsEmail: rebecca.smallridge@rbccm.com | Tel: 0793 520 5796 View original content to download multimedia:https://www.prnewswire.co.uk/news-releases/rbc-capital-markets-named-precious-metals-house-of-the-year-at-energy-risk-awards-2026-302798474.html"
2026-07-01,"Lauren Cassidy, CFA, Named Chief Investment Officer of the Founders 100 ETF - Investing News Network","Lauren Cassidy, CFA, Named Chief Investment Officer of the Founders 100 ETF  Investing News Network",https://www.businesswire.com/news/home/20260701927606/en/Lauren-Cassidy-CFA-Named-Chief-Investment-Officer-of-the-Founders-100-ETF-FFF,Head of systematic investment asset management appointed US,
2026-06-30,"Lauren Cassidy, CFA, Named Chief Investment Officer of the Founders 100 ETF (FFF) - Morningstar","Lauren Cassidy, CFA, Named Chief Investment Officer of the Founders 100 ETF (FFF)  Morningstar",https://www.morningstar.com/news/business-wire/20260701927606/lauren-cassidy-cfa-named-chief-investment-officer-of-the-founders-100-etf-fff,Chief investment officer robo advisor appointed US,"Before proceeding to your request, you need to solve a puzzle, and the puzzle requires Google Translate to be disabled. Please disable Google Translate and retry. Complete the security check before continuing. This step verifies that you are not a bot, which helps to protect your account and prevent spam."
