Institution,key word,Location,Seeds
Hedge Fund,Chief Risk Officer,US,Hedge Fund Chief Risk Officer US
Hedge Fund,CRO,US,Hedge Fund CRO US
Hedge Fund,Risk Manager,US,Hedge Fund Risk Manager US
Hedge Fund,Compliance,US,Hedge Fund Compliance US
Hedge Fund,Regulation,US,Hedge Fund Regulation US
Hedge Fund,Functionalities,US,Hedge Fund Functionalities US
Hedge Fund,real-time risk,US,Hedge Fund real-time risk US
Hedge Fund,PnL analytics,US,Hedge Fund PnL analytics US
Hedge Fund,historical datasets,US,Hedge Fund historical datasets US
Hedge Fund,intraday datasets,US,Hedge Fund intraday datasets US
Hedge Fund,stress-testing,US,Hedge Fund stress-testing US
Hedge Fund,scenario analysis,US,Hedge Fund scenario analysis US
Hedge Fund,VaR calculation,US,Hedge Fund VaR calculation US
Hedge Fund,Expected Shortfall calculation,US,Hedge Fund Expected Shortfall calculation US
Hedge Fund,Multi-layer risk aggregation,US,Hedge Fund Multi-layer risk aggregation US
Hedge Fund,AI-assisted anomaly detection,US,Hedge Fund AI-assisted anomaly detection US
Hedge Fund,Natural language interaction,US,Hedge Fund Natural language interaction US
Hedge Fund,leveraging high-performance computing,US,Hedge Fund leveraging high-performance computing US
Hedge Fund,cloud-optimized architecture,US,Hedge Fund cloud-optimized architecture US
Hedge Fund,Faster & More Accurate Risk Management,US,Hedge Fund Faster & More Accurate Risk Management US
Hedge Fund,real-time stress testing,US,Hedge Fund real-time stress testing US
Hedge Fund,optimize risk-adjusted returns,US,Hedge Fund optimize risk-adjusted returns US
Hedge Fund,AI-powered automation,US,Hedge Fund AI-powered automation US
Hedge Fund,generate reports,US,Hedge Fund generate reports US
Hedge Fund,detect anomalies,US,Hedge Fund detect anomalies US
Hedge Fund,explain risk movements instantly,US,Hedge Fund explain risk movements instantly US
Chief investment officer,asset management appointed,US,Chief investment officer asset management appointed US
Chief Technology Officer,asset management appointed,US,Chief Technology Officer asset management appointed US
Chief Risk Officer,asset management appointed,US,Chief Risk Officer asset management appointed US
Head of systematic investment,asset management appointed,US,Head of systematic investment asset management appointed US
Head of multi-asset,asset management appointed,US,Head of multi-asset asset management appointed US
Head of liquid alternatives,asset management appointed,US,Head of liquid alternatives asset management appointed US
Head of thematic etf,asset management appointed,US,Head of thematic etf asset management appointed US
Head of Quantitative Investment,asset management appointed,US,Head of Quantitative Investment asset management appointed US
Chief investment officer,hedge fund appointed,US,Chief investment officer hedge fund appointed US
Chief Technology Officer,hedge fund appointed,US,Chief Technology Officer hedge fund appointed US
Chief Risk Officer,hedge fund appointed,US,Chief Risk Officer hedge fund appointed US
Chief investment officer,asset management appointed,US,Chief investment officer asset management appointed US
Chief Technology Officer,asset management appointed,US,Chief Technology Officer asset management appointed US
Chief Risk Officer,asset management appointed,US,Chief Risk Officer asset management appointed US
Head of multi-asset,asset management appointed,US,Head of multi-asset asset management appointed US
Head of liquid alternatives,asset management appointed,US,Head of liquid alternatives asset management appointed US
Chief Technology Officer,hedge fund appointed,US,Chief Technology Officer hedge fund appointed US
Chief Risk Officer,hedge fund appointed,US,Chief Risk Officer hedge fund appointed US
strategy launch,asset management,US,strategy launch asset management US
fund launch,asset management,US,fund launch asset management US
strategy launch,hedge fund,US,strategy launch hedge fund US
fund launch,hedge fund,US,fund launch hedge fund US
strategy launch,asset management,US,strategy launch asset management US
Head of Quantitative Investment,asset management appointed,US,Head of Quantitative Investment asset management appointed US
Chief investment officer,robo advisor appointed,US,Chief investment officer robo advisor appointed US
Chief Technology Officer,robo advisor appointed,US,Chief Technology Officer robo advisor appointed US
Chief Risk Officer,robo advisor appointed,US,Chief Risk Officer robo advisor appointed US
Head of systematic investment,robo advisor appointed,US,Head of systematic investment robo advisor appointed US
Head of multi-asset,robo advisor appointed,US,Head of multi-asset robo advisor appointed US
Head of liquid alternatives,robo advisor appointed,US,Head of liquid alternatives robo advisor appointed US
Head of thematic etf,robo advisor appointed,US,Head of thematic etf robo advisor appointed US
Head of Quantitative Investment,robo advisor appointed,US,Head of Quantitative Investment robo advisor appointed US
Chief investment officer,pension funds appointed,US,Chief investment officer pension funds appointed US
Chief Technology Officer,pension funds appointed,US,Chief Technology Officer pension funds appointed US
Chief Risk Officer,pension funds appointed,US,Chief Risk Officer pension funds appointed US
Head of systematic investment,pension funds appointed,US,Head of systematic investment pension funds appointed US
Head of multi-asset,pension funds appointed,US,Head of multi-asset pension funds appointed US
Head of liquid alternatives,pension funds appointed,US,Head of liquid alternatives pension funds appointed US
Head of thematic etf,pension funds appointed,US,Head of thematic etf pension funds appointed US
Head of Quantitative Investment,pension funds appointed,US,Head of Quantitative Investment pension funds appointed US
multi-strategy,hedge funds,US,multi-strategy hedge funds US
multi-strat,hedge funds,US,multi-strat hedge funds US
multistrats allocators,hedge funds,US,multistrats allocators hedge funds US
multistrategy fund,hedge funds,US,multistrategy fund hedge funds US
manager multistrategy,hedge funds,US,manager multistrategy hedge funds US
multi-strategy,asset management,US,multi-strategy asset management US
multi-strat,asset management,US,multi-strat asset management US
multistrats allocators,asset management,US,multistrats allocators asset management US
multistrategy fund,asset management,US,multistrategy fund asset management US
manager multistrategy,asset management,US,manager multistrategy asset management US
innovation,asset management,US,innovation asset management US
digital innovation,asset management,US,digital innovation asset management US
product innovation,asset management,US,product innovation asset management US
digital transformation,asset management,US,digital transformation asset management US
digitalization,asset management,US,digitalization asset management US
digital technology,asset management,US,digital technology asset management US
technological innovation,asset management,US,technological innovation asset management US
digital technologies,asset management,US,digital technologies asset management US
transformation,asset management,US,transformation asset management US
data transformation,asset management,US,data transformation asset management US
business transformation,asset management,US,business transformation asset management US
transformation journey,asset management,US,transformation journey asset management US
digital transformations,asset management,US,digital transformations asset management US
transformational leadership,asset management,US,transformational leadership asset management US
technological transformation,asset management,US,technological transformation asset management US
agentic,asset management,US,agentic asset management US
agentic AI,asset management,US,agentic AI asset management US
agentic LLMs,asset management,US,agentic LLMs asset management US
predictive analytics,asset management,US,predictive analytics asset management US
AI solutions,asset management,US,AI solutions asset management US
cutting-edge,asset management,US,cutting-edge asset management US
AI technology,asset management,US,AI technology asset management US
AI capabilities,asset management,US,AI capabilities asset management US
data analytics,asset management,US,data analytics asset management US
AI/ML,asset management,US,AI/ML asset management US
cognitive computing,asset management,US,cognitive computing asset management US
AI-driven,asset management,US,AI-driven asset management US
data science,asset management,US,data science asset management US
analytics AI,asset management,US,analytics AI asset management US
generative AI,asset management,US,generative AI asset management US
innovation,hedge fund,US,innovation hedge fund US
digital innovation,hedge fund,US,digital innovation hedge fund US
product innovation,hedge fund,US,product innovation hedge fund US
digital transformation,hedge fund,US,digital transformation hedge fund US
digitalization,hedge fund,US,digitalization hedge fund US
digital technology,hedge fund,US,digital technology hedge fund US
technological innovation,hedge fund,US,technological innovation hedge fund US
digital technologies,hedge fund,US,digital technologies hedge fund US
transformation,hedge fund,US,transformation hedge fund US
data transformation,hedge fund,US,data transformation hedge fund US
business transformation,hedge fund,US,business transformation hedge fund US
transformation journey,hedge fund,US,transformation journey hedge fund US
digital transformations,hedge fund,US,digital transformations hedge fund US
transformational leadership,hedge fund,US,transformational leadership hedge fund US
technological transformation,hedge fund,US,technological transformation hedge fund US
agentic,hedge fund,US,agentic hedge fund US
agentic AI,hedge fund,US,agentic AI hedge fund US
agentic LLMs,hedge fund,US,agentic LLMs hedge fund US
predictive analytics,hedge fund,US,predictive analytics hedge fund US
AI solutions,hedge fund,US,AI solutions hedge fund US
cutting-edge,hedge fund,US,cutting-edge hedge fund US
AI technology,hedge fund,US,AI technology hedge fund US
AI capabilities,hedge fund,US,AI capabilities hedge fund US
data analytics,hedge fund,US,data analytics hedge fund US
AI/ML,hedge fund,US,AI/ML hedge fund US
cognitive computing,hedge fund,US,cognitive computing hedge fund US
AI-driven,hedge fund,US,AI-driven hedge fund US
data science,hedge fund,US,data science hedge fund US
analytics AI,hedge fund,US,analytics AI hedge fund US
generative AI,hedge fund,US,generative AI hedge fund US
real-time risk,hedge fund,US,real-time risk hedge fund US
PnL analytics platform,hedge fund,US,PnL analytics platform hedge fund US
stress testing,hedge fund,US,stress testing hedge fund US
scenario analysis,hedge fund,US,scenario analysis hedge fund US
value at risk,hedge fund,US,value at risk hedge fund US
Multi-layer risk aggregation,hedge fund,US,Multi-layer risk aggregation hedge fund US
Hedge Fund,Chief Data Officer,US,Hedge Fund Chief Data Officer US
Asset Management,Chief Data Officer,US,Asset Management Chief Data Officer US
Investment Banking,Chief Data Officer,US,Investment Banking Chief Data Officer US