Institution,key word,Location,Seeds
Hedge Fund,Chief Risk Officer,Europe,Hedge Fund Chief Risk Officer Europe
Hedge Fund,CRO,Europe,Hedge Fund CRO Europe
Hedge Fund,Risk Manager,Europe,Hedge Fund Risk Manager Europe
Hedge Fund,Compliance,Europe,Hedge Fund Compliance Europe
Hedge Fund,Regulation,Europe,Hedge Fund Regulation Europe
Hedge Fund,Functionalities,Europe,Hedge Fund Functionalities Europe
Hedge Fund,real-time risk,Europe,Hedge Fund real-time risk Europe
Hedge Fund,PnL analytics,Europe,Hedge Fund PnL analytics Europe
Hedge Fund,historical datasets,Europe,Hedge Fund historical datasets Europe
Hedge Fund,intraday datasets,Europe,Hedge Fund intraday datasets Europe
Hedge Fund,stress-testing,Europe,Hedge Fund stress-testing Europe
Hedge Fund,scenario analysis,Europe,Hedge Fund scenario analysis Europe
Hedge Fund,VaR calculation,Europe,Hedge Fund VaR calculation Europe
Hedge Fund,Expected Shortfall calculation,Europe,Hedge Fund Expected Shortfall calculation Europe
Hedge Fund,Multi-layer risk aggregation,Europe,Hedge Fund Multi-layer risk aggregation Europe
Hedge Fund,AI-assisted anomaly detection,Europe,Hedge Fund AI-assisted anomaly detection Europe
Hedge Fund,Natural language interaction,Europe,Hedge Fund Natural language interaction Europe
Hedge Fund,leveraging high-performance computing,Europe,Hedge Fund leveraging high-performance computing Europe
Hedge Fund,cloud-optimized architecture,Europe,Hedge Fund cloud-optimized architecture Europe
Hedge Fund,Faster & More Accurate Risk Management,Europe,Hedge Fund Faster & More Accurate Risk Management Europe
Hedge Fund,real-time stress testing,Europe,Hedge Fund real-time stress testing Europe
Hedge Fund,optimize risk-adjusted returns,Europe,Hedge Fund optimize risk-adjusted returns Europe
Hedge Fund,AI-powered automation,Europe,Hedge Fund AI-powered automation Europe
Hedge Fund,generate reports,Europe,Hedge Fund generate reports Europe
Hedge Fund,detect anomalies,Europe,Hedge Fund detect anomalies Europe
Hedge Fund,explain risk movements instantly,Europe,Hedge Fund explain risk movements instantly Europe
Chief investment officer,asset management appointed,Europe,Chief investment officer asset management appointed Europe
Chief Technology Officer,asset management appointed,Europe,Chief Technology Officer asset management appointed Europe
Chief Risk Officer,asset management appointed,Europe,Chief Risk Officer asset management appointed Europe
Head of systematic investment,asset management appointed,Europe,Head of systematic investment asset management appointed Europe
Head of multi-asset,asset management appointed,Europe,Head of multi-asset asset management appointed Europe
Head of liquid alternatives,asset management appointed,Europe,Head of liquid alternatives asset management appointed Europe
Head of thematic etf,asset management appointed,Europe,Head of thematic etf asset management appointed Europe
Head of Quantitative Investment,asset management appointed,Europe,Head of Quantitative Investment asset management appointed Europe
Chief investment officer,hedge fund appointed,Europe,Chief investment officer hedge fund appointed Europe
Chief Technology Officer,hedge fund appointed,Europe,Chief Technology Officer hedge fund appointed Europe
Chief Risk Officer,hedge fund appointed,Europe,Chief Risk Officer hedge fund appointed Europe
strategy launch,asset management,Europe,strategy launch asset management Europe
fund launch,asset management,Europe,fund launch asset management Europe
strategy launch,hedge fund,Europe,strategy launch hedge fund Europe
fund launch,hedge fund,Europe,fund launch hedge fund Europe
Chief investment officer,robo advisor appointed,Europe,Chief investment officer robo advisor appointed Europe
Chief Technology Officer,robo advisor appointed,Europe,Chief Technology Officer robo advisor appointed Europe
Chief Risk Officer,robo advisor appointed,Europe,Chief Risk Officer robo advisor appointed Europe
Head of systematic investment,robo advisor appointed,Europe,Head of systematic investment robo advisor appointed Europe
Head of multi-asset,robo advisor appointed,Europe,Head of multi-asset robo advisor appointed Europe
Head of liquid alternatives,robo advisor appointed,Europe,Head of liquid alternatives robo advisor appointed Europe
Head of thematic etf,robo advisor appointed,Europe,Head of thematic etf robo advisor appointed Europe
Head of Quantitative Investment,robo advisor appointed,Europe,Head of Quantitative Investment robo advisor appointed Europe
Chief investment officer,pension funds appointed,Europe,Chief investment officer pension funds appointed Europe
Chief Technology Officer,pension funds appointed,Europe,Chief Technology Officer pension funds appointed Europe
Chief Risk Officer,pension funds appointed,Europe,Chief Risk Officer pension funds appointed Europe
Head of systematic investment,pension funds appointed,Europe,Head of systematic investment pension funds appointed Europe
Head of multi-asset,pension funds appointed,Europe,Head of multi-asset pension funds appointed Europe
Head of liquid alternatives,pension funds appointed,Europe,Head of liquid alternatives pension funds appointed Europe
Head of thematic etf,pension funds appointed,Europe,Head of thematic etf pension funds appointed Europe
Head of Quantitative Investment,pension funds appointed,Europe,Head of Quantitative Investment pension funds appointed Europe
multi-strategy,hedge funds,Europe,multi-strategy hedge funds Europe
multi-strat,hedge funds,Europe,multi-strat hedge funds Europe
multistrats allocators,hedge funds,Europe,multistrats allocators hedge funds Europe
multistrategy fund,hedge funds,Europe,multistrategy fund hedge funds Europe
manager multistrategy,hedge funds,Europe,manager multistrategy hedge funds Europe
multi-strategy,asset management,Europe,multi-strategy asset management Europe
multi-strat,asset management,Europe,multi-strat asset management Europe
multistrats allocators,asset management,Europe,multistrats allocators asset management Europe
multistrategy fund,asset management,Europe,multistrategy fund asset management Europe
manager multistrategy,asset management,Europe,manager multistrategy asset management Europe
innovation,asset management,Europe,innovation asset management Europe
digital innovation,asset management,Europe,digital innovation asset management Europe
product innovation,asset management,Europe,product innovation asset management Europe
digital transformation,asset management,Europe,digital transformation asset management Europe
digitalization,asset management,Europe,digitalization asset management Europe
digital technology,asset management,Europe,digital technology asset management Europe
technological innovation,asset management,Europe,technological innovation asset management Europe
digital technologies,asset management,Europe,digital technologies asset management Europe
transformation,asset management,Europe,transformation asset management Europe
data transformation,asset management,Europe,data transformation asset management Europe
business transformation,asset management,Europe,business transformation asset management Europe
transformation journey,asset management,Europe,transformation journey asset management Europe
digital transformations,asset management,Europe,digital transformations asset management Europe
transformational leadership,asset management,Europe,transformational leadership asset management Europe
technological transformation,asset management,Europe,technological transformation asset management Europe
agentic,asset management,Europe,agentic asset management Europe
agentic AI,asset management,Europe,agentic AI asset management Europe
agentic LLMs,asset management,Europe,agentic LLMs asset management Europe
predictive analytics,asset management,Europe,predictive analytics asset management Europe
AI solutions,asset management,Europe,AI solutions asset management Europe
cutting-edge,asset management,Europe,cutting-edge asset management Europe
AI technology,asset management,Europe,AI technology asset management Europe
AI capabilities,asset management,Europe,AI capabilities asset management Europe
data analytics,asset management,Europe,data analytics asset management Europe
AI/ML,asset management,Europe,AI/ML asset management Europe
cognitive computing,asset management,Europe,cognitive computing asset management Europe
AI-driven,asset management,Europe,AI-driven asset management Europe
data science,asset management,Europe,data science asset management Europe
analytics AI,asset management,Europe,analytics AI asset management Europe
generative AI,asset management,Europe,generative AI asset management Europe
innovation,hedge fund,Europe,innovation hedge fund Europe
digital innovation,hedge fund,Europe,digital innovation hedge fund Europe
product innovation,hedge fund,Europe,product innovation hedge fund Europe
digital transformation,hedge fund,Europe,digital transformation hedge fund Europe
digitalization,hedge fund,Europe,digitalization hedge fund Europe
digital technology,hedge fund,Europe,digital technology hedge fund Europe
technological innovation,hedge fund,Europe,technological innovation hedge fund Europe
digital technologies,hedge fund,Europe,digital technologies hedge fund Europe
transformation,hedge fund,Europe,transformation hedge fund Europe
data transformation,hedge fund,Europe,data transformation hedge fund Europe
business transformation,hedge fund,Europe,business transformation hedge fund Europe
transformation journey,hedge fund,Europe,transformation journey hedge fund Europe
digital transformations,hedge fund,Europe,digital transformations hedge fund Europe
transformational leadership,hedge fund,Europe,transformational leadership hedge fund Europe
technological transformation,hedge fund,Europe,technological transformation hedge fund Europe
agentic,hedge fund,Europe,agentic hedge fund Europe
agentic AI,hedge fund,Europe,agentic AI hedge fund Europe
agentic LLMs,hedge fund,Europe,agentic LLMs hedge fund Europe
predictive analytics,hedge fund,Europe,predictive analytics hedge fund Europe
AI solutions,hedge fund,Europe,AI solutions hedge fund Europe
cutting-edge,hedge fund,Europe,cutting-edge hedge fund Europe
AI technology,hedge fund,Europe,AI technology hedge fund Europe
AI capabilities,hedge fund,Europe,AI capabilities hedge fund Europe
data analytics,hedge fund,Europe,data analytics hedge fund Europe
AI/ML,hedge fund,Europe,AI/ML hedge fund Europe
cognitive computing,hedge fund,Europe,cognitive computing hedge fund Europe
AI-driven,hedge fund,Europe,AI-driven hedge fund Europe
data science,hedge fund,Europe,data science hedge fund Europe
analytics AI,hedge fund,Europe,analytics AI hedge fund Europe
generative AI,hedge fund,Europe,generative AI hedge fund Europe
real-time risk,hedge fund,Europe,real-time risk hedge fund Europe
PnL analytics platform,hedge fund,Europe,PnL analytics platform hedge fund Europe
stress testing,hedge fund,Europe,stress testing hedge fund Europe
scenario analysis,hedge fund,Europe,scenario analysis hedge fund Europe
value at risk,hedge fund,Europe,value at risk hedge fund Europe
Multi-layer risk aggregation,hedge fund,Europe,Multi-layer risk aggregation hedge fund Europe
Hedge Fund,Chief Data Officer,Europe,Hedge Fund Chief Data Officer Europe
Asset Management,Chief Data Officer,Europe,Asset Management Chief Data Officer Europe
Investment Banking,Chief Data Officer,Europe,Investment Banking Chief Data Officer Europe
Hedge Fund,Chief Risk Officer,UAE,Hedge Fund Chief Risk Officer UAE
Hedge Fund,CRO,UAE,Hedge Fund CRO UAE
Hedge Fund,Risk Manager,UAE,Hedge Fund Risk Manager UAE
Hedge Fund,Compliance,UAE,Hedge Fund Compliance UAE
Hedge Fund,Regulation,UAE,Hedge Fund Regulation UAE
Hedge Fund,Functionalities,UAE,Hedge Fund Functionalities UAE
Hedge Fund,real-time risk,UAE,Hedge Fund real-time risk UAE
Hedge Fund,PnL analytics,UAE,Hedge Fund PnL analytics UAE
Hedge Fund,historical datasets,UAE,Hedge Fund historical datasets UAE
Hedge Fund,intraday datasets,UAE,Hedge Fund intraday datasets UAE
Hedge Fund,stress-testing,UAE,Hedge Fund stress-testing UAE
Hedge Fund,scenario analysis,UAE,Hedge Fund scenario analysis UAE
Hedge Fund,VaR calculation,UAE,Hedge Fund VaR calculation UAE
Hedge Fund,Expected Shortfall calculation,UAE,Hedge Fund Expected Shortfall calculation UAE
Hedge Fund,Multi-layer risk aggregation,UAE,Hedge Fund Multi-layer risk aggregation UAE
Hedge Fund,AI-assisted anomaly detection,UAE,Hedge Fund AI-assisted anomaly detection UAE
Hedge Fund,Natural language interaction,UAE,Hedge Fund Natural language interaction UAE
Hedge Fund,leveraging high-performance computing,UAE,Hedge Fund leveraging high-performance computing UAE
Hedge Fund,cloud-optimized architecture,UAE,Hedge Fund cloud-optimized architecture UAE
Hedge Fund,Faster & More Accurate Risk Management,UAE,Hedge Fund Faster & More Accurate Risk Management UAE
Hedge Fund,real-time stress testing,UAE,Hedge Fund real-time stress testing UAE
Hedge Fund,optimize risk-adjusted returns,UAE,Hedge Fund optimize risk-adjusted returns UAE
Hedge Fund,AI-powered automation,UAE,Hedge Fund AI-powered automation UAE
Hedge Fund,generate reports,UAE,Hedge Fund generate reports UAE
Hedge Fund,detect anomalies,UAE,Hedge Fund detect anomalies UAE
Hedge Fund,explain risk movements instantly,UAE,Hedge Fund explain risk movements instantly UAE
Chief investment officer,asset management appointed,UAE,Chief investment officer asset management appointed UAE
Chief Technology Officer,asset management appointed,UAE,Chief Technology Officer asset management appointed UAE
Chief Risk Officer,asset management appointed,UAE,Chief Risk Officer asset management appointed UAE
Head of systematic investment,asset management appointed,UAE,Head of systematic investment asset management appointed UAE
Head of multi-asset,asset management appointed,UAE,Head of multi-asset asset management appointed UAE
Head of liquid alternatives,asset management appointed,UAE,Head of liquid alternatives asset management appointed UAE
Head of thematic etf,asset management appointed,UAE,Head of thematic etf asset management appointed UAE
Head of Quantitative Investment,asset management appointed,UAE,Head of Quantitative Investment asset management appointed UAE
Chief investment officer,hedge fund appointed,UAE,Chief investment officer hedge fund appointed UAE
Chief Technology Officer,hedge fund appointed,UAE,Chief Technology Officer hedge fund appointed UAE
Chief Risk Officer,hedge fund appointed,UAE,Chief Risk Officer hedge fund appointed UAE
strategy launch,asset management,UAE,strategy launch asset management UAE
fund launch,asset management,UAE,fund launch asset management UAE
strategy launch,hedge fund,UAE,strategy launch hedge fund UAE
fund launch,hedge fund,UAE,fund launch hedge fund UAE
Chief investment officer,robo advisor appointed,UAE,Chief investment officer robo advisor appointed UAE
Chief Technology Officer,robo advisor appointed,UAE,Chief Technology Officer robo advisor appointed UAE
Chief Risk Officer,robo advisor appointed,UAE,Chief Risk Officer robo advisor appointed UAE
Head of systematic investment,robo advisor appointed,UAE,Head of systematic investment robo advisor appointed UAE
Head of multi-asset,robo advisor appointed,UAE,Head of multi-asset robo advisor appointed UAE
Head of liquid alternatives,robo advisor appointed,UAE,Head of liquid alternatives robo advisor appointed UAE
Head of thematic etf,robo advisor appointed,UAE,Head of thematic etf robo advisor appointed UAE
Head of Quantitative Investment,robo advisor appointed,UAE,Head of Quantitative Investment robo advisor appointed UAE
Chief investment officer,pension funds appointed,UAE,Chief investment officer pension funds appointed UAE
Chief Technology Officer,pension funds appointed,UAE,Chief Technology Officer pension funds appointed UAE
Chief Risk Officer,pension funds appointed,UAE,Chief Risk Officer pension funds appointed UAE
Head of systematic investment,pension funds appointed,UAE,Head of systematic investment pension funds appointed UAE
Head of multi-asset,pension funds appointed,UAE,Head of multi-asset pension funds appointed UAE
Head of liquid alternatives,pension funds appointed,UAE,Head of liquid alternatives pension funds appointed UAE
Head of thematic etf,pension funds appointed,UAE,Head of thematic etf pension funds appointed UAE
Head of Quantitative Investment,pension funds appointed,UAE,Head of Quantitative Investment pension funds appointed UAE
multi-strategy,hedge funds,UAE,multi-strategy hedge funds UAE
multi-strat,hedge funds,UAE,multi-strat hedge funds UAE
multistrats allocators,hedge funds,UAE,multistrats allocators hedge funds UAE
multistrategy fund,hedge funds,UAE,multistrategy fund hedge funds UAE
manager multistrategy,hedge funds,UAE,manager multistrategy hedge funds UAE
multi-strategy,asset management,UAE,multi-strategy asset management UAE
multi-strat,asset management,UAE,multi-strat asset management UAE
multistrats allocators,asset management,UAE,multistrats allocators asset management UAE
multistrategy fund,asset management,UAE,multistrategy fund asset management UAE
manager multistrategy,asset management,UAE,manager multistrategy asset management UAE
innovation,asset management,UAE,innovation asset management UAE
digital innovation,asset management,UAE,digital innovation asset management UAE
product innovation,asset management,UAE,product innovation asset management UAE
digital transformation,asset management,UAE,digital transformation asset management UAE
digitalization,asset management,UAE,digitalization asset management UAE
digital technology,asset management,UAE,digital technology asset management UAE
technological innovation,asset management,UAE,technological innovation asset management UAE
digital technologies,asset management,UAE,digital technologies asset management UAE
transformation,asset management,UAE,transformation asset management UAE
data transformation,asset management,UAE,data transformation asset management UAE
business transformation,asset management,UAE,business transformation asset management UAE
transformation journey,asset management,UAE,transformation journey asset management UAE
digital transformations,asset management,UAE,digital transformations asset management UAE
transformational leadership,asset management,UAE,transformational leadership asset management UAE
technological transformation,asset management,UAE,technological transformation asset management UAE
agentic,asset management,UAE,agentic asset management UAE
agentic AI,asset management,UAE,agentic AI asset management UAE
agentic LLMs,asset management,UAE,agentic LLMs asset management UAE
predictive analytics,asset management,UAE,predictive analytics asset management UAE
AI solutions,asset management,UAE,AI solutions asset management UAE
cutting-edge,asset management,UAE,cutting-edge asset management UAE
AI technology,asset management,UAE,AI technology asset management UAE
AI capabilities,asset management,UAE,AI capabilities asset management UAE
data analytics,asset management,UAE,data analytics asset management UAE
AI/ML,asset management,UAE,AI/ML asset management UAE
cognitive computing,asset management,UAE,cognitive computing asset management UAE
AI-driven,asset management,UAE,AI-driven asset management UAE
data science,asset management,UAE,data science asset management UAE
analytics AI,asset management,UAE,analytics AI asset management UAE
generative AI,asset management,UAE,generative AI asset management UAE
innovation,hedge fund,UAE,innovation hedge fund UAE
digital innovation,hedge fund,UAE,digital innovation hedge fund UAE
product innovation,hedge fund,UAE,product innovation hedge fund UAE
digital transformation,hedge fund,UAE,digital transformation hedge fund UAE
digitalization,hedge fund,UAE,digitalization hedge fund UAE
digital technology,hedge fund,UAE,digital technology hedge fund UAE
technological innovation,hedge fund,UAE,technological innovation hedge fund UAE
digital technologies,hedge fund,UAE,digital technologies hedge fund UAE
transformation,hedge fund,UAE,transformation hedge fund UAE
data transformation,hedge fund,UAE,data transformation hedge fund UAE
business transformation,hedge fund,UAE,business transformation hedge fund UAE
transformation journey,hedge fund,UAE,transformation journey hedge fund UAE
digital transformations,hedge fund,UAE,digital transformations hedge fund UAE
transformational leadership,hedge fund,UAE,transformational leadership hedge fund UAE
technological transformation,hedge fund,UAE,technological transformation hedge fund UAE
agentic,hedge fund,UAE,agentic hedge fund UAE
agentic AI,hedge fund,UAE,agentic AI hedge fund UAE
agentic LLMs,hedge fund,UAE,agentic LLMs hedge fund UAE
predictive analytics,hedge fund,UAE,predictive analytics hedge fund UAE
AI solutions,hedge fund,UAE,AI solutions hedge fund UAE
cutting-edge,hedge fund,UAE,cutting-edge hedge fund UAE
AI technology,hedge fund,UAE,AI technology hedge fund UAE
AI capabilities,hedge fund,UAE,AI capabilities hedge fund UAE
data analytics,hedge fund,UAE,data analytics hedge fund UAE
AI/ML,hedge fund,UAE,AI/ML hedge fund UAE
cognitive computing,hedge fund,UAE,cognitive computing hedge fund UAE
AI-driven,hedge fund,UAE,AI-driven hedge fund UAE
data science,hedge fund,UAE,data science hedge fund UAE
analytics AI,hedge fund,UAE,analytics AI hedge fund UAE
generative AI,hedge fund,UAE,generative AI hedge fund UAE
real-time risk,hedge fund,UAE,real-time risk hedge fund UAE
PnL analytics platform,hedge fund,UAE,PnL analytics platform hedge fund UAE
stress testing,hedge fund,UAE,stress testing hedge fund UAE
scenario analysis,hedge fund,UAE,scenario analysis hedge fund UAE
value at risk,hedge fund,UAE,value at risk hedge fund UAE
Multi-layer risk aggregation,hedge fund,UAE,Multi-layer risk aggregation hedge fund UAE
Hedge Fund,Chief Data Officer,UAE,Hedge Fund Chief Data Officer UAE
Asset Management,Chief Data Officer,UAE,Asset Management Chief Data Officer UAE
Investment Banking,Chief Data Officer,UAE,Investment Banking Chief Data Officer UAE
